,Team,G,AB,H,BA,HPG,ABPG,HPAB,BB,BBPG,IP,RA,ER,ERA,PO,A,E,PCT,APG,EPG,HBP,OBP,HBPPG,RS,RPG,TB,SLG,KP9,WP9,WHIP,Rank,Conference,Record,Road,Neutral,Home,Non Div I,CBRank,Conf,CBR,Rec,SOR,Rk25,SOS,vs 1-25,vs 26-50,vs 51-100,vs 101-200,vs 201+,RPI,Prev,Trend,OPS,Rating
1,Florida,4,137,50,0.365,12.5,34.25,0.36496350364963503,18,4.5,34.0,9,5,1.32,102,20,4,0.968,5.0,1.0,8,0.461,2.0,38,9.5,85,0.62,16.1,1.85,0.68,11,SEC,36-30,13-13,4-4,19-13,0-0,18,SEC,1.0626806738503973,4-0,22,187,201,0-0,0-0,0-0,3-0,1-0,,11,-7,1.081,25.0
2,LSU,3,97,33,0.34,11.0,32.333333333333336,0.3402061855670103,23,7.666666666666667,27.0,2,2,0.67,81,22,2,0.981,7.333333333333333,0.6666666666666666,7,0.488,2.3333333333333335,32,10.666666666666666,54,0.557,15.0,0.67,0.59,15,SEC,43-23,7-13,9-1,27-9,0-0,11,SEC,1.2277623920229708,4-0,66,57,277,0-0,0-0,0-0,0-0,4-0,,7,-4,1.045,24.461
3,Tennessee,4,123,51,0.415,12.75,30.75,0.4146341463414634,49,12.25,28.0,6,5,1.61,84,23,5,0.955,5.75,1.25,5,0.587,1.25,75,18.75,98,0.797,13.8,2.57,0.71,1,SEC,60-13,9-6,11-3,40-4,0-0,1,SEC,1.5728050546484786,4-0,31,33,232,0-0,0-0,0-0,3-0,1-0,,1,0,1.384,23.2367
4,Virginia,3,100,27,0.27,9.0,33.333333333333336,0.27,13,4.333333333333333,28.1,6,6,1.91,85,26,1,0.991,8.666666666666666,0.3333333333333333,5,0.375,1.6666666666666667,14,4.666666666666667,36,0.36,11.4,2.86,0.92,10,ACC,46-17,11-5,4-5,31-7,0-0,8,ACC,1.2990708135510833,2-1,87,21,158,0-0,0-0,0-1,1-0,1-0,,4,-4,0.735,22.9957
5,South Carolina,4,122,32,0.262,8.0,30.5,0.26229508196721313,23,5.75,34.0,6,6,1.59,102,22,1,0.992,5.5,0.25,7,0.397,1.75,32,8.0,50,0.41,14.3,1.06,0.59,25,SEC,37-25,9-10,6-4,22-11,0-0,13,SEC,1.141324160351554,4-0,45,19,259,0-0,0-0,0-0,0-0,4-0,,24,11,0.8069999999999999,22.9768
6,UC Santa Barbara,4,135,37,0.274,9.25,33.75,0.2740740740740741,8,2.0,36.0,12,10,2.5,108,30,5,0.965,7.5,1.25,8,0.349,2.0,28,7.0,65,0.481,13.0,1.75,0.92,17,Big West,44-14,16-12,1-0,27-2,0-0,33,Big West,0.9483564603222459,3-1,53,148,120,0-0,0-0,3-1,0-0,0-0,,22,-11,0.83,22.878999999999998
7,Wake Forest,5,160,56,0.35,11.2,32.0,0.35,41,8.2,38.0,16,9,2.13,114,32,9,0.942,6.4,1.8,6,0.493,1.2,63,12.6,99,0.619,14.4,5.92,1.45,14,ACC,38-22,10-12,3-3,25-7,0-0,23,ACC,1.043982268757352,4-1,103,138,260,0-0,0-0,0-1,0-0,4-0,,12,-11,1.112,22.843600000000002
8,Vanderbilt,5,166,45,0.271,9.0,33.2,0.2710843373493976,26,5.2,45.0,20,18,3.6,135,41,2,0.989,8.2,0.4,4,0.379,0.8,25,5.0,73,0.44,13.8,3.8,1.27,26,SEC,38-23,4-12,7-3,27-8,0-0,19,SEC,1.0615290938927358,4-1,35,188,100,0-0,1-0,1-1,2-0,0-0,,9,-10,0.819,22.7283
9,North Carolina,4,128,33,0.258,8.25,32.0,0.2578125,22,5.5,36.0,15,13,3.25,108,31,3,0.979,7.75,0.75,4,0.378,1.0,29,7.25,42,0.328,11.0,3.5,1.28,4,ACC,48-16,9-8,2-5,37-3,0-0,22,ACC,1.0482806123250086,4-0,3,216,89,0-0,3-0,1-0,0-0,0-0,,8,-14,0.706,22.6201
10,Arkansas,4,121,38,0.314,9.5,30.25,0.3140495867768595,28,7.0,33.0,8,7,1.91,99,36,2,0.985,9.0,0.5,6,0.459,1.5,34,8.5,67,0.554,10.1,1.36,0.85,6,SEC,44-16,7-8,3-3,34-5,0-0,3,SEC,1.3862851140814985,4-0,11,85,164,0-0,0-0,0-0,4-0,0-0,,2,-1,1.0130000000000001,22.5278
11,Oklahoma,3,94,37,0.394,12.333333333333334,31.333333333333332,0.39361702127659576,25,8.333333333333334,24.0,7,6,2.25,72,23,2,0.979,7.666666666666667,0.6666666666666666,2,0.508,0.6666666666666666,36,12.0,66,0.702,12.0,4.5,1.0,18,Big 12,40-21,14-5,5-4,21-12,0-0,32,SEC,0.9603582957048967,3-0,57,74,271,0-0,0-0,0-0,0-0,3-0,,29,-3,1.21,22.2442
12,Texas A&M,3,91,29,0.319,9.666666666666666,30.333333333333332,0.31868131868131866,21,7.0,24.0,14,12,4.5,72,21,5,0.949,7.0,1.6666666666666667,4,0.462,1.3333333333333333,32,10.666666666666666,55,0.604,12.0,4.5,1.58,2,SEC,53-15,9-8,7-4,37-3,0-0,4,SEC,1.3479081085651814,3-0,19,17,191,0-0,0-0,0-0,3-0,0-0,,6,2,1.066,22.189700000000002
13,UCF,3,109,44,0.404,14.666666666666666,36.333333333333336,0.4036697247706422,23,7.666666666666667,27.0,5,4,1.33,81,28,1,0.991,9.333333333333334,0.3333333333333333,8,0.532,2.6666666666666665,40,13.333333333333334,69,0.633,9.3,2.67,0.93,31,Big 12,37-21,12-11,4-1,21-9,0-0,49,Big 12,0.6979887467672706,3-0,78,73,284,0-0,0-0,0-0,0-0,3-0,,46,-3,1.165,22.134900000000002
14,Clemson,3,102,33,0.324,11.0,34.0,0.3235294117647059,12,4.0,25.0,25,25,9.0,75,23,1,0.99,7.666666666666667,0.3333333333333333,6,0.418,2.0,27,9.0,43,0.422,11.2,3.96,1.56,8,ACC,44-16,10-7,4-1,30-8,0-0,5,ACC,1.3342136510011415,2-1,28,14,17,1-0,1-1,0-0,0-0,0-0,,14,9,0.84,21.759900000000002
15,Kentucky,2,62,16,0.258,8.0,31.0,0.25806451612903225,13,6.5,15.0,3,2,1.2,45,11,3,0.949,5.5,1.5,2,0.397,1.0,12,6.0,20,0.323,10.8,5.4,1.13,3,SEC,46-16,16-5,4-5,26-6,0-0,10,SEC,1.2587994750096774,1-1,143,117,145,0-0,0-0,0-0,1-1,0-0,,5,-5,0.72,21.5729
16,NC State,4,132,48,0.364,12.0,33.0,0.36363636363636365,27,6.75,31.0,18,12,3.48,93,31,7,0.947,7.75,1.75,8,0.488,2.0,50,12.5,81,0.614,10.2,4.94,1.35,9,ACC,38-23,11-13,1-3,26-7,0-0,25,ACC,1.0131550544336596,3-1,123,133,258,0-0,0-0,0-1,0-0,3-0,,16,-9,1.1019999999999999,21.383000000000003
17,San Diego,4,140,37,0.264,9.25,35.0,0.2642857142857143,11,2.75,37.0,34,34,8.27,111,33,1,0.993,8.25,0.25,8,0.35,2.0,17,4.25,57,0.407,12.4,5.35,1.65,21,WCC,41-15,18-10,5-1,18-4,0-0,46,West Coast,0.7334440893810912,0-4,252,243,34,0-4,0-0,0-0,0-0,0-0,,43,-3,0.7569999999999999,21.3659
18,Oregon,4,129,37,0.287,9.25,32.25,0.2868217054263566,13,3.25,36.0,8,6,1.5,108,29,1,0.993,7.25,0.25,4,0.362,1.0,27,6.75,73,0.566,11.2,3.25,0.86,40,Pac-12,40-20,14-9,3-3,23-8,0-0,27,Big Ten,1.0081688623688827,3-1,102,114,228,0-0,0-0,0-0,3-1,0-0,,25,-2,0.9279999999999999,21.2065
19,Georgia,5,154,33,0.214,6.6,30.8,0.21428571428571427,40,8.0,44.0,18,16,3.27,132,50,2,0.989,10.0,0.4,16,0.42,3.2,31,6.2,52,0.338,10.6,5.52,1.2,7,SEC,43-17,8-9,2-1,33-7,0-0,20,SEC,1.0573634736994375,4-1,50,99,148,0-0,0-0,1-1,1-0,2-0,,17,-3,0.758,21.1187
20,Nebraska,4,132,32,0.242,8.0,33.0,0.24242424242424243,18,4.5,35.0,17,17,4.37,105,43,0,1.0,10.75,0.0,10,0.368,2.5,25,6.25,51,0.386,9.5,3.6,1.4,29,Big Ten,40-22,15-9,7-5,18-8,0-0,60,Big Ten,0.5741227457344573,2-2,99,225,57,1-0,0-1,0-1,1-0,0-0,,48,-12,0.754,20.9012
21,Georgia Tech,4,123,29,0.236,7.25,30.75,0.23577235772357724,19,4.75,36.0,12,11,2.75,108,29,3,0.979,7.25,0.75,4,0.351,1.0,22,5.5,53,0.431,13.0,3.75,1.14,45,ACC,33-25,9-12,2-4,22-9,0-0,14,ACC,1.0919813902910547,4-0,2,5,59,0-0,3-0,1-0,0-0,0-0,,34,20,0.782,20.752
22,Northeastern,2,63,14,0.222,7.0,31.5,0.2222222222222222,3,1.5,17.0,7,7,3.71,51,11,1,0.984,5.5,0.5,2,0.279,1.0,4,2.0,20,0.317,10.6,2.65,1.24,39,CAA,38-17,19-12,2-2,17-3,0-0,48,CAA,0.7112874243753862,1-1,92,29,47,0-0,0-0,1-1,0-0,0-0,,53,5,0.5960000000000001,20.689
23,Alabama,4,138,53,0.384,13.25,34.5,0.38405797101449274,34,8.5,34.0,15,11,2.91,102,35,7,0.951,8.75,1.75,10,0.527,2.5,52,13.0,87,0.63,9.5,3.71,1.21,28,SEC,33-24,8-12,3-4,22-8,0-0,29,SEC,0.9818247850582296,4-0,43,61,257,0-0,0-0,0-0,1-0,3-0,,28,-1,1.157,20.586
24,West Virginia,3,95,27,0.284,9.0,31.666666666666668,0.28421052631578947,10,3.3333333333333335,25.0,7,6,2.16,75,20,5,0.95,6.666666666666667,1.6666666666666667,1,0.352,0.3333333333333333,17,5.666666666666667,36,0.379,10.8,3.96,1.08,30,Big 12,36-24,15-16,4-2,17-6,0-0,43,Big 12,0.7492233418651211,3-0,13,227,171,0-0,0-0,0-0,0-0,3-0,,32,-11,0.731,20.5508
25,Coastal Carolina,4,122,42,0.344,10.5,30.5,0.3442622950819672,16,4.0,40.0,7,4,0.9,96,35,4,0.97,8.75,1.0,14,0.468,3.5,39,9.75,71,0.582,8.8,3.38,0.9,34,Sun Belt,36-25,9-14,3-2,24-9,0-0,52,Sun Belt,0.665771657402725,4-1,56,217,165,0-0,0-1,2-0,1-0,1-0,,31,-21,1.05,20.374299999999998
26,TCU,4,143,39,0.273,9.75,35.75,0.2727272727272727,22,5.5,37.0,17,13,3.16,111,42,7,0.956,10.5,1.75,8,0.394,2.0,34,8.5,83,0.58,10.9,2.68,1.3,42,Big 12,33-21,7-11,5-2,21-8,0-0,16,Big 12,1.0733248926545573,4-0,1,67,26,0-0,4-0,0-0,0-0,0-0,,20,4,0.974,20.368000000000002
27,Maryland,3,102,26,0.255,8.666666666666666,34.0,0.2549019607843137,18,6.0,26.0,9,6,2.08,78,19,3,0.97,6.333333333333333,1.0,5,0.392,1.6666666666666667,28,9.333333333333334,49,0.48,11.8,3.46,1.08,48,Big Ten,34-22,19-14,1-1,14-7,0-0,54,Big Ten,0.6509011137927431,2-1,113,97,202,0-0,0-0,0-1,1-0,1-0,,52,-2,0.872,20.270400000000002
28,UC Irvine,4,141,40,0.284,10.0,35.25,0.28368794326241137,22,5.5,36.0,23,20,5.0,108,26,3,0.978,6.5,0.75,13,0.421,3.25,38,9.5,66,0.468,9.5,4.75,1.31,24,Big West,45-14,20-7,5-0,20-7,0-0,30,Big West,0.9750372969752226,2-2,106,105,68,0-1,0-1,1-0,1-0,0-0,,18,-12,0.889,20.1972
29,Miami (FL),4,132,40,0.303,10.0,33.0,0.30303030303030304,26,6.5,33.0,5,5,1.36,99,29,1,0.992,7.25,0.25,11,0.453,2.75,36,9.0,58,0.439,13.6,4.09,1.06,81,ACC,27-30,6-13,2-1,19-16,0-0,42,ACC,0.7628059537249794,3-1,85,100,204,0-0,0-0,0-1,0-0,3-0,,40,-2,0.892,20.1079
30,Virginia Tech,4,147,56,0.381,14.0,36.75,0.38095238095238093,29,7.25,34.0,15,13,3.44,102,24,4,0.969,6.0,1.0,6,0.489,1.5,60,15.0,99,0.673,12.7,5.03,1.32,68,ACC,32-22,10-11,0-2,22-9,0-0,35,ACC,0.8961260207918045,3-1,109,45,239,0-0,0-0,0-0,1-0,2-1,,37,2,1.162,20.0988
31,Louisville,3,110,33,0.3,11.0,36.666666666666664,0.3,8,2.6666666666666665,26.0,16,15,5.19,78,22,2,0.98,7.333333333333333,0.6666666666666666,4,0.369,1.3333333333333333,20,6.666666666666667,39,0.355,11.8,4.5,1.38,61,ACC,32-24,7-10,0-4,25-10,0-0,24,ACC,1.0201571627054247,2-1,23,8,12,1-1,1-0,0-0,0-0,0-0,,35,11,0.724,19.9118
32,Arizona,4,116,25,0.216,6.25,29.0,0.21551724137931033,19,4.75,32.0,31,31,8.72,96,31,1,0.992,7.75,0.25,4,0.343,1.0,17,4.25,47,0.405,11.2,3.38,1.75,35,Pac-12,36-23,13-11,4-3,19-9,0-0,26,Big 12,1.0117259264033938,1-3,189,65,44,0-2,0-1,0-0,1-0,0-0,,36,10,0.748,19.739
33,East Carolina,4,122,22,0.18,5.5,30.5,0.18032786885245902,10,2.5,35.0,16,13,3.34,105,34,5,0.965,8.5,1.25,5,0.27,1.25,13,3.25,39,0.32,10.3,4.89,1.06,22,AAC,46-17,13-9,4-2,29-6,0-0,38,American,0.8000139953321556,2-2,203,296,230,0-0,0-0,0-1,0-0,2-1,,23,-15,0.5900000000000001,19.6688
34,Duke,4,136,34,0.25,8.5,34.0,0.25,30,7.5,39.0,36,28,6.46,117,32,8,0.949,8.0,2.0,5,0.401,1.25,22,5.5,68,0.5,10.8,5.77,1.72,20,ACC,40-20,11-9,7-1,22-10,0-0,17,ACC,1.0728994225062627,2-2,125,58,93,0-0,0-0,2-2,0-0,0-0,,30,13,0.901,19.6408
35,Louisiana Tech,4,127,33,0.26,8.25,31.75,0.25984251968503935,26,6.5,35.0,13,12,3.09,105,51,2,0.987,12.75,0.5,4,0.394,1.0,31,7.75,52,0.409,7.5,3.6,1.29,33,CUSA,45-19,12-10,3-2,30-7,0-0,47,Conference USA,0.7262511228837294,4-0,65,86,276,0-0,0-0,0-0,0-0,4-0,,44,-3,0.8029999999999999,19.6363
36,Texas,3,110,35,0.318,11.666666666666666,36.666666666666664,0.3181818181818182,16,5.333333333333333,25.2,12,12,4.21,77,27,4,0.963,9.0,1.3333333333333333,2,0.411,0.6666666666666666,27,9.0,63,0.573,9.8,3.86,1.32,49,Big 12,36-24,11-6,1-6,24-12,0-0,7,SEC,1.311441261835435,2-1,27,3,16,1-1,1-0,0-0,0-0,0-0,,15,8,0.984,19.5009
37,Ole Miss,4,110,26,0.236,6.5,27.5,0.23636363636363636,22,5.5,32.2,18,16,4.41,98,25,3,0.976,6.25,0.75,6,0.386,1.5,21,5.25,49,0.445,10.5,5.23,1.5,36,SEC,27-29,7-15,1-2,19-12,0-0,28,SEC,0.998031171163448,3-1,26,10,40,1-1,1-0,0-0,1-0,0-0,,42,14,0.831,19.4894
38,Auburn,4,133,39,0.293,9.75,33.25,0.2932330827067669,19,4.75,36.0,17,15,3.75,108,29,4,0.972,7.25,1.0,6,0.398,1.5,27,6.75,62,0.466,10.8,4.5,1.19,51,SEC,27-26,5-12,4-1,18-13,0-0,37,SEC,0.84547096509868,3-1,118,79,252,0-0,0-0,1-0,0-0,2-1,,38,1,0.8640000000000001,19.4032
39,Michigan,4,160,51,0.319,12.75,40.0,0.31875,12,3.0,38.0,7,6,1.42,114,40,2,0.987,10.0,0.5,3,0.375,0.75,35,8.75,84,0.525,9.9,2.84,1.0,87,Big Ten,32-28,9-12,4-8,19-8,0-0,55,Big Ten,0.6132569186681109,4-0,5,16,108,1-0,0-0,1-0,1-0,1-0,,56,1,0.9,19.2834
40,ETSU,4,143,47,0.329,11.75,35.75,0.32867132867132864,21,5.25,35.0,13,8,2.06,105,34,3,0.979,8.5,0.75,6,0.433,1.5,35,8.75,87,0.608,8.2,3.86,1.06,54,SoCon,36-20,10-13,2-2,24-5,0-0,116,Southern,0.21563031286696246,3-1,74,174,192,0-0,0-1,0-0,0-0,3-0,,102,-14,1.041,19.2291
41,California,4,130,35,0.269,8.75,32.5,0.2692307692307692,20,5.0,36.0,14,14,3.5,108,30,0,1.0,7.5,0.0,6,0.384,1.5,34,8.5,60,0.462,11.0,4.25,1.06,64,Pac-12,36-19,10-8,4-4,22-7,0-0,51,ACC,0.6708671578110613,3-1,73,116,186,0-0,0-0,0-0,3-1,0-0,,49,-2,0.8460000000000001,19.1292
42,South Alabama,4,114,31,0.272,7.75,28.5,0.2719298245614035,17,4.25,34.0,8,7,1.85,102,27,2,0.985,6.75,0.5,7,0.39,1.75,24,6.0,53,0.465,11.1,3.44,1.06,70,Sun Belt,31-25,12-12,1-2,18-11,0-0,73,Sun Belt,0.48002869187410113,4-0,34,71,236,0-0,0-0,0-0,1-0,3-0,,73,0,0.855,19.0947
43,Rutgers,3,104,29,0.279,9.666666666666666,34.666666666666664,0.27884615384615385,11,3.6666666666666665,26.0,8,7,2.42,78,24,1,0.99,8.0,0.3333333333333333,2,0.353,0.6666666666666666,13,4.333333333333333,39,0.375,10.0,4.5,1.35,77,Big Ten,28-25,15-16,0-0,13-9,0-0,102,Big Ten,0.3041544981849146,2-1,68,234,103,0-0,0-0,0-0,2-1,0-0,,81,-21,0.728,19.073900000000002
44,Cincinnati,3,118,32,0.271,10.666666666666666,39.333333333333336,0.2711864406779661,20,6.666666666666667,29.1,14,14,4.3,88,31,1,0.992,10.333333333333334,0.3333333333333333,8,0.403,2.6666666666666665,32,10.666666666666666,51,0.432,9.8,5.52,1.47,62,Big 12,32-25,10-15,4-2,18-8,0-0,56,Big 12,0.6003591763241035,2-1,20,15,7,2-1,0-0,0-0,0-0,0-0,,77,21,0.835,19.0635
45,Illinois,3,107,35,0.327,11.666666666666666,35.666666666666664,0.32710280373831774,18,6.0,28.0,18,18,5.79,84,43,4,0.969,14.333333333333334,1.3333333333333333,3,0.424,1.0,26,8.666666666666666,54,0.505,9.0,6.11,1.64,43,Big Ten,35-21,8-11,7-7,20-3,0-0,74,Big Ten,0.47748507021629233,2-1,76,131,138,0-0,0-0,0-0,2-1,0-0,,69,-5,0.929,19.031100000000002
46,UConn,3,106,31,0.292,10.333333333333334,35.333333333333336,0.29245283018867924,12,4.0,25.0,28,21,7.56,75,24,4,0.961,8.0,1.3333333333333333,4,0.382,1.3333333333333333,19,6.333333333333333,39,0.368,9.4,7.92,1.92,32,Big East,35-26,17-18,2-3,16-5,0-0,66,Big East,0.5349103290854579,0-3,295,299,126,0-0,0-0,0-1,0-2,0-0,,67,1,0.75,18.9082
47,Creighton,3,98,24,0.245,8.0,32.666666666666664,0.24489795918367346,13,4.333333333333333,23.0,9,9,3.52,69,24,3,0.969,8.0,1.0,5,0.362,1.6666666666666667,20,6.666666666666667,32,0.327,12.5,5.48,1.13,66,Big East,35-17,12-10,5-1,18-6,0-0,75,Big East,0.4764609784558562,1-2,147,38,43,0-0,0-0,1-2,0-0,0-0,,94,19,0.6890000000000001,18.5978
48,Kansas,4,140,44,0.314,11.0,35.0,0.3142857142857143,33,8.25,35.0,6,5,1.29,105,40,4,0.973,10.0,1.0,4,0.443,1.0,44,11.0,65,0.464,9.0,3.34,1.03,71,Big 12,31-23,8-9,6-6,17-8,0-0,59,Big 12,0.5767739854048628,4-0,17,48,185,0-0,0-0,0-0,0-0,4-0,,61,2,0.907,18.5375
49,UNC Greensboro,4,109,22,0.202,5.5,27.25,0.2018348623853211,18,4.5,34.0,20,17,4.5,102,34,4,0.971,8.5,1.0,10,0.365,2.5,13,3.25,28,0.257,13.0,4.24,1.24,65,SoCon,33-21,11-10,0-2,22-9,0-0,76,Southern,0.4739817598585221,3-1,44,32,87,1-0,0-0,2-1,0-0,0-0,,99,23,0.622,18.5191
50,Texas Tech,3,102,20,0.196,6.666666666666667,34.0,0.19607843137254902,8,2.6666666666666665,24.0,17,13,4.88,72,15,4,0.956,5.0,1.3333333333333333,0,0.255,0.0,6,2.0,30,0.294,11.2,4.88,1.54,60,Big 12,33-26,6-15,5-4,22-7,0-0,50,Big 12,0.6952353001671755,0-3,234,294,9,0-3,0-0,0-0,0-0,0-0,,39,-11,0.5489999999999999,18.4199
51,Troy,4,126,41,0.325,10.25,31.5,0.3253968253968254,36,9.0,33.0,19,11,3.0,99,40,10,0.933,10.0,2.5,5,0.482,1.25,43,10.75,72,0.571,10.6,4.09,1.42,59,Sun Belt,37-22,17-10,1-3,19-9,0-0,68,Sun Belt,0.517400365773838,3-1,121,124,255,0-0,0-1,0-0,0-0,3-0,,60,-8,1.053,18.3963
52,Notre Dame,3,101,27,0.267,9.0,33.666666666666664,0.26732673267326734,21,7.0,24.0,17,16,6.0,72,25,1,0.99,8.333333333333334,0.3333333333333333,2,0.397,0.6666666666666666,25,8.333333333333334,38,0.376,12.4,4.5,1.42,79,ACC,27-25,11-17,0-0,16-8,0-0,31,ACC,0.9640153494963384,2-1,82,24,144,0-0,0-0,0-0,2-1,0-0,,33,2,0.773,18.3143
53,Louisiana,4,122,31,0.254,7.75,30.5,0.2540983606557377,26,6.5,36.0,33,23,5.75,108,39,8,0.948,9.75,2.0,5,0.403,1.25,28,7.0,43,0.352,9.5,5.0,1.64,41,Sun Belt,42-20,14-6,2-6,26-8,0-0,53,Sun Belt,0.657720617092734,2-2,205,152,237,0-0,0-0,0-0,1-2,1-0,,51,-2,0.755,18.2256
54,Wofford,4,131,39,0.298,9.75,32.75,0.29770992366412213,30,7.5,35.0,25,21,5.4,105,40,7,0.954,10.0,1.75,13,0.466,3.25,35,8.75,54,0.412,7.5,2.31,1.54,50,SoCon,42-20,13-12,7-3,22-5,0-0,79,Southern,0.46656053446570916,3-1,108,251,238,0-0,0-0,0-1,0-0,3-0,,55,-24,0.878,18.113500000000002
55,Hawaii,4,136,42,0.309,10.5,34.0,0.3088235294117647,21,5.25,34.0,18,15,3.97,102,37,2,0.986,9.25,0.5,6,0.421,1.5,32,8.0,55,0.404,7.9,2.65,1.21,74,Big West,33-16,10-6,0-0,23-10,4-0,64,Big West,0.5583878656236584,4-0,39,93,250,0-0,0-0,0-0,0-0,4-0,,63,-1,0.825,17.956699999999998
56,Georgetown,4,137,39,0.285,9.75,34.25,0.2846715328467153,27,6.75,34.1,28,25,6.55,103,47,2,0.987,11.75,0.5,4,0.409,1.0,31,7.75,52,0.38,8.1,6.55,1.89,58,Big East,36-21,17-8,2-4,17-9,0-0,150,Big East,-0.0019243983819604627,2-2,168,189,178,0-0,0-0,0-0,1-2,1-0,,143,-7,0.7889999999999999,17.9221
57,Pittsburgh,3,109,36,0.33,12.0,36.333333333333336,0.3302752293577982,27,9.0,28.0,18,17,5.46,84,34,1,0.992,11.333333333333334,0.3333333333333333,6,0.476,2.0,37,12.333333333333334,67,0.615,9.6,2.89,1.43,88,ACC,26-29,8-13,6-4,12-12,0-0,62,ACC,0.5689809031962206,3-0,40,72,253,0-0,0-0,0-0,0-0,3-0,,62,0,1.091,17.7676
58,Tulane,3,99,32,0.323,10.666666666666666,33.0,0.32323232323232326,20,6.666666666666667,27.0,21,21,7.0,81,27,3,0.973,9.0,1.0,4,0.441,1.3333333333333333,32,10.666666666666666,51,0.515,11.3,5.0,1.78,82,AAC,36-26,12-12,5-1,19-13,0-0,69,American,0.5109566658816107,3-0,38,13,249,0-0,0-0,0-0,0-0,3-0,,84,15,0.956,17.7596
59,Samford,4,124,41,0.331,10.25,31.0,0.33064516129032256,26,6.5,31.0,23,19,5.52,93,25,4,0.967,6.25,1.0,11,0.481,2.75,39,9.75,58,0.468,12.2,3.19,1.39,92,SoCon,36-22,10-10,2-2,24-10,0-0,90,Southern,0.3904529971910479,3-1,105,169,234,0-0,0-0,0-0,0-1,3-0,,72,-18,0.9490000000000001,17.6445
60,Utah,4,156,49,0.314,12.25,39.0,0.3141025641025641,15,3.75,37.0,8,8,1.95,111,35,4,0.973,8.75,1.0,6,0.395,1.5,30,7.5,75,0.481,5.8,1.95,1.0,83,Pac-12,33-22,14-13,4-1,15-8,0-0,77,Big 12,0.4704859643031279,4-0,15,49,180,0-0,0-0,0-0,0-0,4-0,,78,1,0.876,17.307299999999998
61,Sam Houston,3,101,30,0.297,10.0,33.666666666666664,0.297029702970297,12,4.0,27.0,24,23,7.67,81,21,1,0.99,7.0,0.3333333333333333,5,0.395,1.6666666666666667,22,7.333333333333333,54,0.535,10.0,6.0,1.74,78,CUSA,34-24,10-15,1-2,23-7,0-0,89,Conference USA,0.3919521874703954,1-2,219,201,168,0-0,0-0,0-0,1-2,0-0,,76,-13,0.93,17.2883
62,Saint Mary's (CA),5,156,54,0.346,10.8,31.2,0.34615384615384615,14,2.8,38.0,16,14,3.32,114,41,1,0.994,8.2,0.2,10,0.424,2.0,50,10.0,84,0.538,10.7,5.92,1.37,107,WCC,34-22,12-13,1-2,21-7,0-0,61,West Coast,0.5720176265697858,4-1,41,18,129,0-0,1-0,0-0,3-1,0-0,,101,40,0.962,17.264499999999998
63,Indiana,4,133,28,0.211,7.0,33.25,0.21052631578947367,30,7.5,36.0,31,29,7.25,108,29,7,0.951,7.25,1.75,5,0.373,1.25,20,5.0,44,0.331,9.8,3.75,1.58,55,Big Ten,33-26,11-9,5-6,17-11,0-0,87,Big Ten,0.3973284133204461,0-4,275,268,76,0-1,0-0,0-1,0-2,0-0,,83,-4,0.704,17.1064
64,Mercer,3,99,27,0.273,9.0,33.0,0.2727272727272727,12,4.0,27.0,13,13,4.33,81,20,1,0.99,6.666666666666667,0.3333333333333333,7,0.387,2.3333333333333335,25,8.333333333333334,56,0.566,12.0,2.67,1.11,109,SoCon,29-29,9-14,3-2,17-13,0-0,99,Southern,0.3302415750048704,2-1,176,129,269,0-0,0-0,0-0,0-0,2-1,,98,-1,0.953,17.1019
65,Portland,4,131,29,0.221,7.25,32.75,0.22137404580152673,14,3.5,33.0,32,28,7.64,99,49,4,0.974,12.25,1.0,4,0.309,1.0,20,5.0,47,0.359,6.8,4.09,1.82,57,WCC,37-19,18-11,2-3,17-5,0-0,72,West Coast,0.48590325530338585,1-3,204,163,69,0-0,0-0,0-0,1-3,0-0,,74,2,0.6679999999999999,16.9484
66,Grand Canyon,4,134,35,0.261,8.75,33.5,0.26119402985074625,12,3.0,35.0,18,17,4.37,105,36,6,0.959,9.0,1.5,4,0.34,1.0,17,4.25,52,0.388,9.8,1.8,1.2,93,WAC,36-25,16-11,3-4,17-10,0-0,83,WAC,0.4188009931257525,2-2,137,267,133,0-1,0-0,1-0,1-1,0-0,,66,-17,0.728,16.8702
67,Purdue,4,135,43,0.319,10.75,33.75,0.31851851851851853,16,4.0,36.0,17,13,3.25,108,45,5,0.968,11.25,1.25,10,0.426,2.5,38,9.5,70,0.519,7.8,2.5,1.19,91,Big Ten,32-24,9-7,8-4,15-13,1-0,110,Big Ten,0.2369675013908923,4-0,54,62,268,0-0,0-0,0-0,0-0,4-0,,114,4,0.9450000000000001,16.8417
68,James Madison,4,117,19,0.162,4.75,29.25,0.1623931623931624,11,2.75,32.2,28,19,5.23,98,25,12,0.911,6.25,3.0,1,0.24,0.25,9,2.25,27,0.231,9.1,5.79,1.78,46,Sun Belt,36-25,9-16,4-3,23-6,0-0,101,Sun Belt,0.32813229068941135,1-3,185,111,38,0-3,0-0,0-0,0-0,1-0,,117,16,0.471,16.7814
69,Xavier,4,140,35,0.25,8.75,35.0,0.25,24,6.0,35.0,33,32,8.23,105,48,3,0.981,12.0,0.75,5,0.376,1.25,27,6.75,54,0.386,6.2,8.23,2.03,44,Big East,30-27,16-15,1-3,13-9,0-0,81,Big East,0.44511374248155733,2-2,88,112,42,0-2,0-0,1-0,1-0,0-0,,79,-2,0.762,16.7107
70,Old Dominion,3,95,19,0.2,6.333333333333333,31.666666666666668,0.2,14,4.666666666666667,24.0,17,15,5.62,72,18,4,0.957,6.0,1.3333333333333333,5,0.33,1.6666666666666667,9,3.0,23,0.242,11.2,5.62,1.46,75,Sun Belt,31-26,7-12,3-2,21-12,0-0,44,Sun Belt,0.7428482878236494,0-3,229,25,6,0-3,0-0,0-0,0-0,0-0,,64,20,0.5720000000000001,16.7014
71,Evansville,4,137,29,0.212,7.25,34.25,0.2116788321167883,13,3.25,37.0,32,25,6.08,111,45,9,0.945,11.25,2.25,6,0.304,1.5,16,4.0,39,0.285,7.5,4.62,1.51,52,MVC,39-26,18-18,4-0,17-8,0-0,98,Missouri Valley,0.3382189380283955,0-4,294,224,121,0-0,0-0,0-0,0-4,0-0,,90,-8,0.589,16.660800000000002
72,High Point,5,169,65,0.385,13.0,33.8,0.38461538461538464,33,6.6,41.0,23,19,4.17,123,37,4,0.976,7.4,0.8,6,0.495,1.2,59,11.8,123,0.728,10.5,3.51,1.34,117,Big South,35-27,11-12,2-1,22-14,0-0,144,Big South,0.01684908876112199,5-0,42,68,256,0-0,0-0,0-0,1-0,4-0,,154,10,1.2229999999999999,16.579
73,Stetson,4,130,36,0.277,9.0,32.5,0.27692307692307694,16,4.0,36.0,23,20,5.0,108,39,4,0.974,9.75,1.0,7,0.383,1.75,28,7.0,61,0.469,9.2,3.5,1.5,97,ASUN,41-22,12-11,1-1,28-10,0-0,93,Atlantic Sun,0.37291113726811065,3-1,48,108,96,0-0,0-0,1-1,2-0,0-0,,88,-5,0.852,16.5391
74,Nicholls,4,130,34,0.262,8.5,32.5,0.26153846153846155,20,5.0,34.1,31,21,5.5,103,22,9,0.933,5.5,2.25,5,0.381,1.25,19,4.75,40,0.308,10.2,6.82,1.66,69,Southland,34-22,14-11,3-2,17-9,4-0,154,Southland,-0.03321571366943501,2-2,230,271,270,0-0,0-0,0-0,0-0,2-2,,127,-27,0.6890000000000001,16.5356
75,Boston College,2,72,21,0.292,10.5,36.0,0.2916666666666667,10,5.0,17.0,19,18,9.53,51,23,1,0.987,11.5,0.5,2,0.388,1.0,18,9.0,38,0.528,10.1,4.76,1.71,89,ACC,22-31,12-12,3-1,7-18,0-0,94,ACC,0.36466141727725054,1-1,115,291,80,0-0,0-0,0-0,1-1,0-0,,75,-19,0.916,16.3171
76,Baylor,4,139,55,0.396,13.75,34.75,0.39568345323741005,21,5.25,34.0,11,9,2.38,102,28,6,0.956,7.0,1.5,8,0.5,2.0,43,10.75,83,0.597,12.2,2.91,1.09,139,Big 12,22-31,5-12,0-3,17-16,0-0,92,Big 12,0.3815017535677708,4-0,37,54,248,0-0,0-0,1-0,0-0,3-0,,96,4,1.097,16.3027
77,Missouri,3,101,24,0.238,8.0,33.666666666666664,0.2376237623762376,11,3.6666666666666665,25.0,26,22,7.92,75,29,4,0.963,9.666666666666666,1.3333333333333333,5,0.339,1.6666666666666667,18,6.0,42,0.416,10.1,1.8,1.6,102,SEC,23-32,7-16,1-2,15-14,0-0,111,SEC,0.2310538292448329,1-2,194,275,102,0-0,0-0,1-1,0-1,0-0,,120,9,0.755,15.8018
78,Liberty,4,135,38,0.281,9.5,33.75,0.2814814814814815,25,6.25,36.0,13,12,3.0,108,31,3,0.979,7.75,0.75,6,0.413,1.5,35,8.75,53,0.393,9.5,3.0,1.17,122,CUSA,24-34,7-20,1-0,16-14,0-0,71,Conference USA,0.5024971398421506,4-0,7,37,128,1-0,0-0,0-0,3-0,0-0,,80,9,0.806,15.6438
79,Iowa,3,107,30,0.28,10.0,35.666666666666664,0.2803738317757009,15,5.0,25.0,16,13,4.68,75,19,8,0.922,6.333333333333333,2.6666666666666665,3,0.384,1.0,17,5.666666666666667,52,0.486,12.2,4.68,1.28,104,Big Ten,29-23,7-12,4-7,18-4,2-0,78,Big Ten,0.4701391680978463,1-2,199,179,116,0-0,0-0,0-0,1-2,0-0,,70,-8,0.87,15.5777
80,Bryant,2,61,15,0.246,7.5,30.5,0.2459016393442623,4,2.0,15.2,6,6,3.45,47,13,2,0.968,6.5,1.0,3,0.324,1.5,8,4.0,24,0.393,12.6,6.89,1.34,123,America East,36-21,14-15,2-1,20-5,0-0,175,America East,-0.14420518377633562,1-1,166,175,175,0-0,0-0,0-0,0-0,1-1,,167,-8,0.7170000000000001,15.4983
81,UTSA,4,140,35,0.25,8.75,35.0,0.25,4,1.0,33.0,20,20,5.45,99,31,2,0.985,7.75,0.5,6,0.3,1.5,10,2.5,42,0.3,7.9,1.09,1.21,118,AAC,32-24,12-9,1-4,19-11,0-0,96,American,0.35686835764575714,1-3,223,191,107,0-0,0-0,0-1,1-2,0-0,,82,-14,0.6,15.4248
82,California Baptist,4,135,45,0.333,11.25,33.75,0.3333333333333333,15,3.75,36.0,20,17,4.25,108,32,2,0.986,8.0,0.5,9,0.429,2.25,32,8.0,67,0.496,9.5,3.5,1.19,129,WAC,38-24,13-10,4-3,21-11,0-0,105,WAC,0.28495408554866963,3-1,52,122,113,0-0,0-0,3-1,0-0,0-0,,106,1,0.925,15.409
83,Campbell,4,126,26,0.206,6.5,31.5,0.20634920634920634,6,1.5,33.0,29,27,7.36,99,31,7,0.949,7.75,1.75,11,0.299,2.75,10,2.5,41,0.325,9.3,2.73,1.36,85,CAA,31-22,8-12,1-0,22-10,0-0,82,CAA,0.4232335456710197,1-3,165,277,23,0-0,1-3,0-0,0-0,0-0,,65,-17,0.624,15.3713
84,Little Rock,3,98,27,0.276,9.0,32.666666666666664,0.2755102040816326,12,4.0,26.0,6,6,2.08,78,21,1,0.99,7.0,0.3333333333333333,4,0.377,1.3333333333333333,21,7.0,36,0.367,11.4,2.42,0.77,143,OVC,32-24,15-13,0-2,17-9,0-0,147,Ohio Valley,0.010000574325660327,3-0,9,96,146,0-0,0-0,3-0,0-0,0-0,,146,-1,0.744,15.362400000000001
85,Bowling Green,3,117,31,0.265,10.333333333333334,39.0,0.26495726495726496,9,3.0,28.0,33,30,9.64,84,32,5,0.959,10.666666666666666,1.6666666666666667,6,0.348,2.0,19,6.333333333333333,46,0.393,9.3,5.79,2.14,101,MAC,33-20,16-15,1-2,16-3,0-0,158,MAC,-0.07101425832967675,2-1,90,125,161,0-0,0-0,0-0,2-1,0-0,,157,-1,0.741,15.3505
86,FIU,4,145,53,0.366,13.25,36.25,0.36551724137931035,26,6.5,37.0,27,23,5.59,111,27,5,0.965,6.75,1.25,21,0.51,5.25,42,10.5,95,0.655,11.2,3.65,1.3,130,CUSA,27-30,9-9,2-4,16-17,0-0,146,Conference USA,0.011261795436166516,4-0,77,94,283,0-0,0-0,0-0,0-0,4-0,,148,2,1.165,15.3322
87,Charlotte,3,100,25,0.25,8.333333333333334,33.333333333333336,0.25,7,2.3333333333333335,27.0,6,6,2.0,81,24,2,0.981,8.0,0.6666666666666666,2,0.312,0.6666666666666666,11,3.6666666666666665,39,0.39,10.3,2.67,1.0,142,AAC,24-34,5-16,1-4,18-14,0-0,80,American,0.45668118213065023,2-1,55,41,64,0-0,1-1,1-0,0-0,0-0,,91,11,0.702,15.1204
88,McNeese,3,99,29,0.293,9.666666666666666,33.0,0.29292929292929293,12,4.0,27.0,13,11,3.67,81,35,4,0.967,11.666666666666666,1.3333333333333333,7,0.403,2.3333333333333335,20,6.666666666666667,51,0.515,7.7,2.67,1.19,114,Southland,30-27,7-15,3-2,20-10,2-0,139,Southland,0.052909693186808215,2-1,75,128,135,0-0,0-0,2-1,0-0,0-0,,140,1,0.918,15.0245
89,USC Upstate,3,104,30,0.288,10.0,34.666666666666664,0.28846153846153844,12,4.0,26.0,28,19,6.58,78,24,8,0.927,8.0,2.6666666666666665,6,0.387,2.0,26,8.666666666666666,64,0.615,8.3,3.81,1.73,95,Big South,36-24,13-13,0-2,23-9,0-0,124,Big South,0.18593533543814397,1-2,206,300,131,0-0,0-0,1-1,0-1,0-0,,87,-37,1.002,14.9747
90,Houston,3,92,19,0.207,6.333333333333333,30.666666666666668,0.20652173913043478,14,4.666666666666667,27.0,23,19,6.33,81,29,5,0.957,9.666666666666666,1.6666666666666667,1,0.312,0.3333333333333333,15,5.0,31,0.337,12.0,5.33,1.56,112,Big 12,26-28,4-14,2-2,20-12,0-0,114,Big 12,0.22605067854364685,2-1,132,144,225,0-0,0-0,0-0,2-1,0-0,,119,5,0.649,14.9418
91,VCU,4,115,27,0.235,6.75,28.75,0.23478260869565218,8,2.0,29.1,37,30,9.2,88,32,4,0.968,8.0,1.0,9,0.326,2.25,15,3.75,41,0.357,7.1,8.28,2.18,73,Atlantic 10,38-23,12-13,8-1,18-9,0-0,85,Atlantic 10,0.41008138870630073,1-3,190,52,45,0-0,1-2,0-0,0-1,0-0,,111,26,0.683,14.8992
92,Minnesota,3,106,26,0.245,8.666666666666666,35.333333333333336,0.24528301886792453,16,5.333333333333333,25.0,15,13,4.68,75,16,6,0.938,5.333333333333333,2.0,5,0.37,1.6666666666666667,23,7.666666666666667,46,0.434,11.9,5.04,1.32,119,Big Ten,24-23,12-12,3-4,9-7,1-0,192,Big Ten,-0.21957387953155014,1-2,180,139,74,0-0,0-0,0-0,1-2,0-0,,197,5,0.804,14.6829
93,CSUN,3,103,25,0.243,8.333333333333334,34.333333333333336,0.24271844660194175,17,5.666666666666667,25.2,22,19,6.66,77,29,3,0.972,9.666666666666666,1.0,1,0.352,0.3333333333333333,18,6.0,38,0.369,6.7,6.66,1.83,94,Big West,30-24,15-14,0-0,15-10,0-0,67,Big West,0.5227462783453563,1-2,179,140,72,0-0,0-0,0-0,1-2,0-0,,68,1,0.721,14.5104
94,Cal Poly,4,133,26,0.195,6.5,33.25,0.19548872180451127,14,3.5,33.0,38,37,10.09,99,28,2,0.984,7.0,0.5,2,0.282,0.5,13,3.25,36,0.271,10.1,7.64,2.06,105,Big West,35-22,11-10,0-0,24-12,0-0,65,Big West,0.5431690413915564,1-3,184,30,37,0-0,0-3,0-0,1-0,0-0,,71,6,0.5529999999999999,14.3428
95,UIC,4,135,32,0.237,8.0,33.75,0.23703703703703705,21,5.25,33.0,37,33,9.0,99,36,5,0.964,9.0,1.25,8,0.367,2.0,29,7.25,51,0.378,6.8,5.18,1.82,89,MVC,34-20,12-10,5-4,17-6,1-0,118,Missouri Valley,0.2098586460781718,1-3,249,176,181,0-0,0-0,0-0,0-0,1-3,,125,7,0.745,14.0853
96,FGCU,4,139,38,0.273,9.5,34.75,0.2733812949640288,21,5.25,37.0,26,19,4.62,111,34,11,0.929,8.5,2.75,12,0.406,3.0,28,7.0,57,0.41,9.5,2.92,1.38,127,ASUN,30-26,11-15,1-1,18-10,0-0,119,Atlantic Sun,0.20147150664743582,1-3,241,253,155,0-1,0-0,0-0,1-2,0-0,,105,-14,0.8160000000000001,13.9759
97,VMI,4,107,43,0.402,10.75,26.75,0.40186915887850466,41,10.25,29.0,14,10,3.1,87,26,4,0.966,6.5,1.0,10,0.577,2.5,54,13.5,64,0.598,10.2,3.41,1.28,148,SoCon,25-29,10-19,1-2,14-8,2-0,188,Southern,-0.19724754989359758,4-0,127,75,291,0-0,0-0,0-0,0-0,4-0,,189,1,1.1749999999999998,13.9591
98,UC Davis,4,118,30,0.254,7.5,29.5,0.2542372881355932,19,4.75,36.0,15,6,1.5,108,31,5,0.965,7.75,1.25,4,0.371,1.0,20,5.0,42,0.356,6.8,2.25,1.08,133,Big West,29-27,14-16,0-0,15-11,0-0,225,Big West,-0.4290590848998194,3-1,100,302,222,0-0,0-0,0-0,2-1,1-0,,177,-48,0.727,13.7827
99,New Orleans,3,98,34,0.347,11.333333333333334,32.666666666666664,0.3469387755102041,9,3.0,21.2,35,29,12.05,65,14,3,0.963,4.666666666666667,1.0,3,0.404,1.0,26,8.666666666666666,73,0.745,10.8,10.38,2.86,128,Southland,28-26,9-13,1-1,18-12,3-0,134,Southland,0.0739153686712121,1-2,256,141,251,0-0,0-0,0-0,0-0,1-2,,138,4,1.149,13.7109
100,Stanford,4,155,55,0.355,13.75,38.75,0.3548387096774194,18,4.5,35.0,22,18,4.63,105,39,5,0.966,9.75,1.25,3,0.429,0.75,42,10.5,81,0.523,7.7,3.34,1.2,156,Pac-12,22-33,7-16,2-1,13-16,0-0,40,ACC,0.7839318686857148,4-0,10,47,150,0-0,0-0,0-0,4-0,0-0,,41,1,0.952,13.1355
101,UCLA,4,134,44,0.328,11.0,33.5,0.3283582089552239,39,9.75,36.0,8,5,1.25,108,27,2,0.985,6.75,0.5,12,0.511,3.0,52,13.0,69,0.515,10.5,3.25,0.92,181,Pac-12,19-33,4-20,0-2,15-11,0-0,41,Big Ten,0.7677728493980819,4-0,6,6,110,0-0,0-0,4-0,0-0,0-0,,47,6,1.026,12.9844
102,Air Force,5,145,24,0.166,4.8,29.0,0.16551724137931034,12,2.4,38.0,36,35,8.29,114,55,3,0.983,11.0,0.6,3,0.242,0.6,8,1.6,35,0.241,6.4,6.63,2.13,116,Mountain West,27-28,9-17,4-5,14-6,0-0,156,Mountain West,-0.04907255425354107,0-5,232,289,8,0-5,0-0,0-0,0-0,0-0,,131,-25,0.483,12.9482
103,Utah Valley,4,142,33,0.232,8.25,35.5,0.2323943661971831,25,6.25,36.2,23,18,4.42,110,40,9,0.943,10.0,2.25,15,0.397,3.75,29,7.25,52,0.366,12.3,2.7,1.34,168,WAC,25-29,14-17,1-2,10-10,4-0,170,WAC,-0.12978573198122464,2-2,191,102,211,0-0,0-0,0-0,0-0,2-2,,172,2,0.763,12.9422
104,UC San Diego,4,132,28,0.212,7.0,33.0,0.21212121212121213,29,7.25,34.1,22,21,5.5,103,40,3,0.979,10.0,0.75,6,0.373,1.5,22,5.5,45,0.341,8.4,3.15,1.28,137,Big West,30-23,8-13,0-0,22-10,0-0,165,Big West,-0.0921326215374381,1-3,285,306,262,0-0,0-0,0-0,0-1,1-2,,100,-65,0.714,12.9256
105,Niagara,3,87,13,0.149,4.333333333333333,29.0,0.14942528735632185,8,2.6666666666666665,22.1,35,21,8.46,67,27,10,0.904,9.0,3.3333333333333335,1,0.229,0.3333333333333333,3,1.0,19,0.218,9.3,10.07,2.73,103,MAAC,38-17,23-13,3-1,12-3,0-0,207,MAAC,-0.31908001307348277,0-3,246,252,24,0-0,0-3,0-0,0-0,0-0,,208,1,0.447,12.865
106,Stony Brook,3,96,24,0.25,8.0,32.0,0.25,15,5.0,25.0,14,14,5.04,75,29,1,0.99,9.666666666666666,0.3333333333333333,4,0.371,1.3333333333333333,21,7.0,40,0.417,9.7,4.32,1.32,159,CAA,24-28,8-16,2-4,14-8,0-0,184,CAA,-0.18236156427281697,3-0,29,59,213,0-0,0-0,0-0,0-0,3-0,,188,4,0.788,12.8151
107,Austin Peay,4,129,33,0.256,8.25,32.25,0.2558139534883721,13,3.25,32.0,34,30,8.44,96,32,2,0.985,8.0,0.5,4,0.338,1.0,20,5.0,62,0.481,10.4,5.91,1.88,154,ASUN,35-21,15-13,0-1,20-7,0-0,200,Atlantic Sun,-0.26125146927149473,1-3,228,290,122,0-0,0-0,1-1,0-1,0-1,,175,-25,0.819,12.808
108,Gonzaga,3,100,22,0.22,7.333333333333333,33.333333333333336,0.22,5,1.6666666666666667,25.0,9,8,2.88,75,34,1,0.991,11.333333333333334,0.3333333333333333,0,0.257,0.0,8,2.6666666666666665,32,0.32,8.6,4.68,1.28,172,WCC,21-32,8-23,2-2,11-7,0-0,141,West Coast,0.034740817136480515,1-2,233,304,194,0-0,0-0,0-0,0-0,1-2,,113,-28,0.577,12.5189
109,Fairfield,3,113,30,0.265,10.0,37.666666666666664,0.26548672566371684,12,4.0,27.0,23,23,7.67,81,29,2,0.982,9.666666666666666,0.6666666666666666,0,0.326,0.0,18,6.0,47,0.416,8.7,5.33,1.67,162,MAAC,34-24,12-14,2-2,20-8,0-0,140,MAAC,0.04307593266889016,2-1,60,182,78,0-0,0-0,0-0,2-1,0-0,,133,-7,0.742,12.0722
110,UAB,4,132,42,0.318,10.5,33.0,0.3181818181818182,30,7.5,33.0,18,18,4.91,99,39,1,0.993,9.75,0.25,4,0.45,1.0,45,11.25,63,0.477,9.5,5.18,1.52,183,AAC,26-29,10-15,0-2,16-12,0-0,157,American,-0.06912482825201452,3-1,120,137,254,0-0,0-0,0-1,0-0,3-0,,162,5,0.927,12.0323
111,Abilene Christian,4,134,38,0.284,9.5,33.5,0.2835820895522388,23,5.75,34.0,37,37,9.79,102,34,3,0.978,8.5,0.75,8,0.413,2.0,25,6.25,50,0.373,8.5,6.35,2.15,153,WAC,33-25,13-11,1-3,19-11,0-0,126,WAC,0.1306849083886255,1-3,211,240,84,0-0,0-0,1-2,0-1,0-0,,124,-2,0.786,11.9546
112,Delaware,3,95,15,0.158,5.0,31.666666666666668,0.15789473684210525,12,4.0,24.0,35,34,12.75,72,18,2,0.978,6.0,0.6666666666666666,1,0.259,0.3333333333333333,5,1.6666666666666667,21,0.221,7.5,6.0,2.38,121,CAA,31-26,17-10,3-1,11-15,0-0,171,CAA,-0.13331580360414352,0-3,262,196,50,0-0,0-0,0-3,0-0,0-0,,180,9,0.48,11.9546
113,Santa Clara,3,101,28,0.277,9.333333333333334,33.666666666666664,0.27722772277227725,19,6.333333333333333,27.0,18,15,5.0,81,35,6,0.951,11.666666666666666,2.0,9,0.427,3.0,22,7.333333333333333,42,0.416,8.7,5.67,1.56,157,WCC,26-26,9-16,0-2,17-8,0-0,112,West Coast,0.23093294767055328,2-1,69,145,105,0-0,0-0,2-1,0-0,0-0,,116,4,0.843,11.8017
114,Rice,3,100,17,0.17,5.666666666666667,33.333333333333336,0.17,10,3.3333333333333335,25.0,22,17,6.12,75,25,4,0.962,8.333333333333334,1.3333333333333333,2,0.259,0.6666666666666666,8,2.6666666666666665,21,0.21,10.1,7.56,1.92,163,AAC,23-36,8-16,1-2,14-18,0-0,163,American,-0.09109775592704171,0-3,274,177,75,0-1,0-0,0-1,0-0,0-1,,164,1,0.469,11.6457
115,Washington,4,122,25,0.205,6.25,30.5,0.20491803278688525,16,4.0,33.1,25,24,6.48,100,26,4,0.969,6.5,1.0,7,0.329,1.75,22,5.5,43,0.352,9.2,5.13,1.59,160,Pac-12,19-31,6-18,1-3,12-10,0-0,125,Big Ten,0.1376253700814189,2-2,142,285,143,0-0,0-0,1-1,0-0,1-1,,103,-22,0.681,11.467
116,Dayton,4,118,30,0.254,7.5,29.5,0.2542372881355932,12,3.0,31.0,28,19,5.52,93,27,11,0.916,6.75,2.75,5,0.341,1.25,20,5.0,44,0.373,7.0,4.06,1.39,132,Atlantic 10,33-22,15-13,1-2,17-7,0-0,169,Atlantic 10,-0.12753654521409147,2-2,178,221,195,0-0,0-0,0-0,2-2,0-0,,170,1,0.714,11.3739
117,BYU,5,175,40,0.229,8.0,35.0,0.22857142857142856,23,4.6,42.0,40,35,7.5,126,48,6,0.967,9.6,1.2,6,0.337,1.2,22,4.4,57,0.326,4.9,6.64,1.79,131,Big 12,21-31,11-15,1-2,9-14,0-0,91,Big 12,0.38669596076351953,2-3,139,39,63,0-0,0-1,0-0,2-2,0-0,,115,24,0.663,11.2128
118,Belmont,4,142,39,0.275,9.75,35.5,0.2746478873239437,17,4.25,32.0,36,30,8.44,96,36,5,0.964,9.0,1.25,1,0.354,0.25,23,5.75,54,0.38,9.8,8.72,2.12,170,MVC,26-32,11-13,1-4,14-15,0-0,172,Missouri Valley,-0.13786660345859345,0-4,280,232,90,0-0,0-0,0-0,0-4,0-0,,169,-3,0.734,11.1631
119,Saint Louis,4,101,23,0.228,5.75,25.25,0.22772277227722773,24,6.0,26.0,45,39,13.5,78,20,5,0.951,5.0,1.25,5,0.388,1.25,15,3.75,39,0.386,4.2,3.46,2.23,98,Atlantic 10,37-16,9-10,6-2,22-4,0-0,121,Atlantic 10,0.19240259633207787,1-3,183,28,35,0-0,0-0,1-3,0-0,0-0,,151,30,0.774,11.1212
120,Rhode Island,3,112,47,0.42,15.666666666666666,37.333333333333336,0.41964285714285715,24,8.0,22.0,36,34,13.91,66,23,5,0.947,7.666666666666667,1.6666666666666667,4,0.521,1.3333333333333333,50,16.666666666666668,84,0.75,9.8,8.18,2.32,152,Atlantic 10,19-28,9-20,0-0,10-8,0-0,197,Atlantic 10,-0.24343559952023766,2-1,72,161,125,0-0,0-0,0-0,2-1,0-0,,190,-7,1.271,11.0783
121,William & Mary,4,128,40,0.312,10.0,32.0,0.3125,22,5.5,32.0,62,54,15.19,96,30,14,0.9,7.5,3.5,5,0.427,1.25,39,9.75,61,0.477,9.3,8.16,2.81,120,CAA,32-26,11-12,2-2,19-12,0-0,155,CAA,-0.03685779389385889,1-3,271,258,233,0-0,0-0,0-0,1-2,0-1,,141,-14,0.9039999999999999,10.9275
122,George Washington,3,97,23,0.237,7.666666666666667,32.333333333333336,0.23711340206185566,13,4.333333333333333,24.0,31,25,9.38,72,28,3,0.971,9.333333333333334,1.0,5,0.353,1.6666666666666667,15,5.0,33,0.34,7.5,6.38,2.29,164,Atlantic 10,31-26,9-14,1-2,21-10,0-0,187,Atlantic 10,-0.19352447868486872,0-3,244,36,18,0-0,0-3,0-0,0-0,0-0,,215,28,0.6930000000000001,10.8637
123,Winthrop,4,134,46,0.343,11.5,33.5,0.34328358208955223,15,3.75,36.0,12,11,2.75,107,32,2,0.986,8.0,0.5,11,0.434,2.75,35,8.75,78,0.582,10.8,1.0,1.0,240,Big South,19-29,4-15,0-1,15-13,0-0,223,Big South,-0.3953136574569369,3-1,114,183,246,0-1,0-0,0-0,0-0,3-0,,207,-16,1.016,10.7037
124,Miami (OH),4,128,37,0.289,9.25,32.0,0.2890625,22,5.5,32.1,28,26,7.24,97,27,3,0.976,6.75,0.75,5,0.405,1.25,32,8.0,58,0.453,8.9,7.24,1.89,180,MAC,27-27,11-12,2-2,14-13,0-0,185,MAC,-0.18696737920932818,2-2,169,107,181,0-0,0-0,0-0,0-0,2-2,,183,-2,0.8580000000000001,10.6404
125,Navy,3,88,14,0.159,4.666666666666667,29.333333333333332,0.1590909090909091,9,3.0,22.0,13,9,3.68,66,15,2,0.976,5.0,0.6666666666666666,6,0.282,2.0,6,2.0,19,0.216,6.5,4.5,1.32,169,Patriot,28-23,10-13,0-3,18-7,0-0,236,Patriot,-0.5158962977645764,0-3,301,120,170,0-0,0-0,0-0,0-0,0-3,,243,7,0.498,10.507
126,Seton Hall,3,109,40,0.367,13.333333333333334,36.333333333333336,0.3669724770642202,14,4.666666666666667,24.0,24,22,8.25,72,27,4,0.961,9.0,1.3333333333333333,5,0.461,1.6666666666666667,29,9.666666666666666,62,0.569,6.0,4.88,1.83,177,Big East,24-30,13-12,2-1,9-17,0-0,203,Big East,-0.28251376469530276,1-2,235,292,197,0-0,0-0,0-0,1-2,0-0,,191,-12,1.03,10.388
127,Presbyterian,3,101,28,0.277,9.333333333333334,33.666666666666664,0.27722772277227725,9,3.0,27.0,16,12,4.0,81,23,4,0.963,7.666666666666667,1.3333333333333333,5,0.365,1.6666666666666667,14,4.666666666666667,41,0.406,8.0,6.33,1.7,197,Big South,29-27,8-12,1-2,20-13,0-0,199,Big South,-0.25469390863356317,2-2,167,237,177,0-0,0-0,0-0,2-2,0-0,,186,-13,0.771,10.360199999999999
128,UTRGV,4,125,27,0.216,6.75,31.25,0.216,15,3.75,36.0,18,15,3.75,108,41,4,0.974,10.25,1.0,7,0.331,1.75,28,7.0,36,0.288,9.5,5.5,1.36,199,WAC,29-25,10-11,2-2,17-12,0-0,108,Southland,0.25234918743461077,3-1,46,26,91,0-0,1-0,2-1,0-0,0-0,,136,28,0.619,10.2101
129,UT Arlington,3,100,27,0.27,9.0,33.333333333333336,0.27,1,0.3333333333333333,27.0,10,8,2.67,81,47,5,0.962,15.666666666666666,1.6666666666666667,2,0.288,0.6666666666666666,15,5.0,38,0.38,3.7,1.0,1.11,186,WAC,22-34,11-20,0-1,11-13,0-0,162,WAC,-0.09105434227381853,2-1,80,165,142,0-0,0-0,2-1,0-0,0-0,,158,-4,0.6679999999999999,10.2085
130,Northwestern,3,99,22,0.222,7.333333333333333,33.0,0.2222222222222222,15,5.0,26.0,24,23,7.96,78,39,1,0.992,13.0,0.3333333333333333,7,0.358,2.3333333333333335,16,5.333333333333333,36,0.364,5.9,7.96,1.65,149,Big Ten,18-34,10-23,0-0,8-11,0-0,220,Big Ten,-0.3924240802831969,2-1,67,272,99,0-0,0-0,0-0,2-1,0-0,,199,-21,0.722,10.1863
131,Gardner-Webb,5,161,50,0.311,10.0,32.2,0.3105590062111801,24,4.8,41.0,47,39,8.56,123,30,8,0.95,6.0,1.6,16,0.439,3.2,51,10.2,93,0.578,13.4,6.15,2.05,220,Big South,22-31,7-15,0-0,15-16,0-0,168,Big South,-0.12298888618258468,2-3,261,110,273,0-0,0-0,0-0,0-0,2-3,,194,26,1.017,9.9159
132,Marshall,4,125,31,0.248,7.75,31.25,0.248,10,2.5,30.2,32,23,6.75,92,39,4,0.97,9.75,1.0,5,0.324,1.25,18,4.5,50,0.4,7.0,6.16,2.05,190,Sun Belt,18-37,3-21,1-4,14-12,0-0,217,Sun Belt,-0.37338619422787533,0-4,254,203,36,0-0,0-0,0-4,0-0,0-0,,219,2,0.724,9.886
133,Richmond,4,123,32,0.26,8.0,30.75,0.2601626016260163,16,4.0,34.0,9,7,1.85,102,35,3,0.979,8.75,0.75,1,0.343,0.25,25,6.25,48,0.39,8.2,2.91,1.0,216,Atlantic 10,27-32,7-13,3-2,17-17,0-0,204,Atlantic 10,-0.28710758798536773,4-0,32,51,235,0-0,0-0,0-0,1-0,3-0,,218,14,0.7330000000000001,9.8199
134,Holy Cross,3,89,16,0.18,5.333333333333333,29.666666666666668,0.1797752808988764,14,4.666666666666667,25.0,20,18,6.48,75,27,5,0.953,9.0,1.6666666666666667,6,0.319,2.0,11,3.6666666666666665,26,0.292,5.4,4.32,1.68,158,Patriot,26-27,14-24,1-0,11-3,0-0,264,Patriot,-0.7368140982425002,1-2,126,101,20,0-0,1-2,0-0,0-0,0-0,,269,5,0.611,9.7445
135,Elon,3,93,26,0.28,8.666666666666666,31.0,0.27956989247311825,12,4.0,21.0,32,28,12.0,63,8,3,0.959,2.6666666666666665,1.0,5,0.387,1.6666666666666667,14,4.666666666666667,31,0.333,9.4,9.0,2.38,178,CAA,21-32,4-14,0-0,17-18,0-0,133,CAA,0.07999868647737986,1-3,170,82,28,0-3,0-0,0-0,1-0,0-0,,155,22,0.72,9.2674
136,Memphis,3,87,16,0.184,5.333333333333333,29.0,0.1839080459770115,9,3.0,27.0,8,6,2.0,81,30,5,0.957,10.0,1.6666666666666667,0,0.26,0.0,9,3.0,33,0.379,7.0,4.0,1.3,201,AAC,23-32,10-15,0-0,13-17,0-0,179,American,-0.1586835127293258,2-1,101,127,179,0-0,0-0,0-0,2-1,0-0,,176,-3,0.639,9.2502
137,New Mexico,4,117,27,0.231,6.75,29.25,0.23076923076923078,13,3.25,33.1,37,36,9.72,100,24,3,0.976,6.0,0.75,7,0.336,1.75,18,4.5,47,0.402,10.0,4.59,1.83,202,Mountain West,27-26,8-12,2-4,17-10,1-0,164,Mountain West,-0.09150154925175344,2-2,122,212,85,0-0,0-2,0-0,1-0,1-0,,149,-15,0.738,9.2181
138,Villanova,3,98,20,0.204,6.666666666666667,32.666666666666664,0.20408163265306123,22,7.333333333333333,26.0,28,27,9.35,78,24,1,0.99,8.0,0.3333333333333333,6,0.381,2.0,11,3.6666666666666665,24,0.245,9.3,4.5,2.08,211,Big East,18-33,13-23,0-1,5-9,0-0,221,Big East,-0.39439393866454175,1-2,172,90,61,0-1,0-0,0-1,1-0,0-0,,220,-1,0.626,9.2168
139,Mount St. Mary's,3,113,37,0.327,12.333333333333334,37.666666666666664,0.3274336283185841,25,8.333333333333334,27.0,5,5,1.67,81,21,1,0.99,7.0,0.3333333333333333,4,0.458,1.3333333333333333,30,10.0,55,0.487,13.0,3.0,0.85,277,MAAC,22-34,11-19,2-2,9-13,0-0,283,MAAC,-0.9505245915137893,3-0,84,50,287,0-0,0-0,0-0,0-0,3-0,,283,0,0.9450000000000001,9.1312
140,Nevada,4,128,21,0.164,5.25,32.0,0.1640625,17,4.25,33.0,34,27,7.36,99,29,5,0.962,7.25,1.25,5,0.287,1.25,14,3.5,33,0.258,8.2,5.45,1.67,187,Mountain West,25-26,13-18,0-0,12-8,0-0,131,Mountain West,0.09122586719702748,1-3,174,173,31,0-0,0-0,1-3,0-0,0-0,,135,4,0.5449999999999999,8.926300000000001
141,UMass Lowell,3,97,24,0.247,8.0,32.333333333333336,0.24742268041237114,22,7.333333333333333,26.0,20,16,5.54,78,21,5,0.952,7.0,1.6666666666666667,5,0.411,1.6666666666666667,19,6.333333333333333,40,0.412,9.0,3.46,1.38,206,America East,24-31,15-20,1-2,8-9,0-0,231,America East,-0.5036327261113909,2-1,129,91,220,0-0,0-0,1-0,0-0,1-1,,235,4,0.823,8.911
142,Toledo,4,121,18,0.149,4.5,30.25,0.1487603305785124,13,3.25,33.0,27,22,6.0,99,37,4,0.971,9.25,1.0,4,0.254,1.0,8,2.0,24,0.198,6.8,3.55,1.52,195,MAC,27-32,14-22,2-2,11-8,0-0,196,MAC,-0.23140315044515117,1-3,141,171,11,0-0,1-3,0-0,0-0,0-0,,198,2,0.452,8.8446
143,Oral Roberts,3,97,36,0.371,12.0,32.333333333333336,0.3711340206185567,12,4.0,25.0,2,0,0.0,75,29,3,0.972,9.666666666666666,1.0,5,0.449,1.6666666666666667,25,8.333333333333334,50,0.515,8.3,1.44,0.8,261,Summit League,27-32,9-14,3-1,15-17,0-0,123,Summit,0.18654517158939027,3-0,119,89,290,0-0,0-0,0-0,0-0,3-0,,123,0,0.964,8.7747
144,LIU,4,115,23,0.2,5.75,28.75,0.2,20,5.0,30.0,37,35,10.5,90,28,3,0.975,7.0,0.75,2,0.324,0.5,19,4.75,38,0.33,8.7,8.1,2.4,191,NEC,33-25,9-19,4-2,20-4,0-0,270,Northeast,-0.7953547016550411,2-2,138,239,134,0-2,0-0,0-0,0-0,2-0,,264,-6,0.654,8.7446
145,St. Bonaventure,4,149,48,0.322,12.0,37.25,0.3221476510067114,23,5.75,33.0,39,37,10.09,99,36,4,0.971,9.0,1.0,6,0.43,1.5,45,11.25,76,0.51,10.4,5.18,1.79,223,Atlantic 10,18-31,10-24,0-0,8-7,0-0,279,Atlantic 10,-0.9023295537472478,3-1,59,46,141,0-0,0-0,0-0,3-1,0-0,,286,7,0.94,8.730699999999999
146,Sacred Heart,3,85,9,0.106,3.0,28.333333333333332,0.10588235294117647,4,1.3333333333333333,22.0,27,20,8.18,66,23,8,0.918,7.666666666666667,2.6666666666666665,4,0.183,1.3333333333333333,3,1.0,11,0.129,6.5,8.59,1.95,145,NEC,35-23,15-17,2-2,18-4,0-0,252,MAAC,-0.6279597138785517,0-3,227,106,5,0-3,0-0,0-0,0-0,0-0,,266,14,0.312,8.5424
147,Tennessee Tech,5,152,38,0.25,7.6,30.4,0.25,29,5.8,43.0,16,11,2.3,129,48,5,0.973,9.6,1.0,6,0.384,1.2,30,6.0,62,0.408,9.2,3.77,1.28,245,OVC,29-26,7-12,0-1,22-13,0-0,181,Ohio Valley,-0.16570642371239228,5-0,62,76,274,0-0,0-0,0-0,1-0,4-0,,187,6,0.792,8.329799999999999
148,UNLV,4,126,32,0.254,8.0,31.5,0.25396825396825395,15,3.75,33.0,40,36,9.82,99,31,6,0.956,7.75,1.5,3,0.347,0.75,18,4.5,43,0.341,12.5,8.45,2.33,231,Mountain West,26-26,10-14,0-1,16-11,0-0,130,Mountain West,0.0966119388537795,2-2,97,195,54,0-1,0-0,2-1,0-0,0-0,,132,2,0.688,8.3045
149,Oakland,4,135,31,0.23,7.75,33.75,0.22962962962962963,19,4.75,33.0,31,28,7.64,99,39,5,0.965,9.75,1.25,8,0.358,2.0,16,4.0,45,0.333,7.1,6.0,1.79,200,Horizon,29-27,17-20,0-2,12-5,2-0,186,Horizon,-0.18997959679362358,1-3,217,80,101,0-0,0-0,0-0,1-3,0-0,,209,23,0.6910000000000001,8.293800000000001
150,Jacksonville,4,122,20,0.164,5.0,30.5,0.16393442622950818,15,3.75,34.0,27,24,6.35,102,32,7,0.95,8.0,1.75,4,0.275,1.0,11,2.75,34,0.279,7.7,3.71,1.59,203,ASUN,27-31,8-16,2-2,17-13,0-0,206,Atlantic Sun,-0.3060656482197682,0-4,267,303,58,0-1,0-3,0-0,0-0,0-0,,165,-41,0.554,8.2121
151,Bethune-Cookman,3,91,21,0.231,7.0,30.333333333333332,0.23076923076923078,12,4.0,25.0,21,15,5.4,75,21,6,0.941,7.0,2.0,7,0.364,2.3333333333333335,14,4.666666666666667,41,0.451,10.1,5.4,1.56,222,SWAC,32-27,9-14,3-2,20-11,0-0,247,SWAC,-0.6009517882726201,0-3,305,248,221,0-0,0-0,0-0,0-3,0-0,,247,0,0.815,8.0344
152,Houston Christian,4,120,33,0.275,8.25,30.0,0.275,21,5.25,32.0,15,12,3.38,96,29,3,0.977,7.25,0.75,1,0.387,0.25,29,7.25,40,0.333,6.8,3.38,1.19,236,Southland,18-31,6-19,2-3,10-9,0-0,241,Southland,-0.5567877084176791,3-1,94,113,214,0-0,0-0,0-0,3-1,0-0,,240,-1,0.72,7.7169
153,Binghamton,3,97,20,0.206,6.666666666666667,32.333333333333336,0.20618556701030927,13,4.333333333333333,24.0,19,12,4.5,72,20,3,0.968,6.666666666666667,1.0,5,0.328,1.6666666666666667,12,4.0,32,0.33,8.6,4.12,1.62,246,America East,21-29,8-20,1-0,12-9,0-0,211,America East,-0.3392603686366004,0-3,245,4,22,0-0,0-3,0-0,0-0,0-0,,258,47,0.658,7.6147
154,SIUE,3,100,30,0.3,10.0,33.333333333333336,0.3,9,3.0,25.0,12,12,4.32,75,33,3,0.973,11.0,1.0,6,0.391,2.0,25,8.333333333333334,49,0.49,8.6,6.84,1.64,252,OVC,20-34,8-22,1-1,11-11,1-0,215,Ohio Valley,-0.36208117927179295,2-1,79,92,140,0-0,0-0,0-1,1-0,1-0,,216,1,0.881,7.5125
155,Towson,3,101,26,0.257,8.666666666666666,33.666666666666664,0.25742574257425743,13,4.333333333333333,25.0,16,16,5.76,75,27,3,0.971,9.0,1.0,1,0.345,0.3333333333333333,19,6.333333333333333,49,0.485,9.0,4.32,1.4,243,CAA,15-39,3-22,1-1,11-16,0-0,248,CAA,-0.6034272761014128,1-2,222,118,172,0-0,0-0,0-1,0-1,1-0,,250,2,0.83,7.4422
156,Davidson,3,82,17,0.207,5.666666666666667,27.333333333333332,0.2073170731707317,17,5.666666666666667,22.0,20,20,8.18,66,23,3,0.967,7.666666666666667,1.0,3,0.363,1.0,8,2.6666666666666665,26,0.317,9.8,3.68,1.55,229,Atlantic 10,24-28,5-16,1-0,18-12,0-0,212,Atlantic 10,-0.3403071670531824,1-2,237,259,198,0-0,0-0,0-0,1-2,0-0,,205,-7,0.6799999999999999,7.268
157,Hofstra,3,69,7,0.101,2.3333333333333335,23.0,0.10144927536231885,7,2.3333333333333335,18.0,46,33,16.5,54,14,6,0.919,4.666666666666667,2.0,2,0.203,0.6666666666666666,2,0.6666666666666666,11,0.159,9.0,13.5,3.33,151,CAA,24-33,10-23,1-2,13-8,0-0,194,CAA,-0.22614962490515117,0-3,208,143,1,0-3,0-0,0-0,0-0,0-0,,206,12,0.362,7.1986
158,UNC Asheville,4,120,35,0.292,8.75,30.0,0.2916666666666667,17,4.25,33.0,43,34,9.27,99,33,6,0.957,8.25,1.5,3,0.382,0.75,30,7.5,47,0.392,8.5,11.45,2.7,225,Big South,22-28,3-17,0-0,19-11,0-0,208,Big South,-0.32730026584303074,3-1,111,142,241,0-1,0-0,0-0,0-0,3-0,,204,-4,0.774,7.1297
159,Longwood,3,87,12,0.138,4.0,29.0,0.13793103448275862,20,6.666666666666667,27.0,29,16,5.33,81,29,10,0.917,9.666666666666666,3.3333333333333335,3,0.315,1.0,15,5.0,21,0.241,7.7,4.0,1.85,214,Big South,23-29,10-20,0-0,13-9,0-0,198,Big South,-0.24848596203918832,1-2,187,9,83,0-0,0-0,1-2,0-0,0-0,,233,35,0.556,7.087
160,UC Riverside,4,143,38,0.266,9.5,35.75,0.26573426573426573,11,2.75,38.0,29,24,5.68,114,29,8,0.947,7.25,2.0,3,0.327,0.75,23,5.75,51,0.357,11.6,5.92,1.53,263,Big West,16-36,4-17,0-0,12-19,0-0,242,Big West,-0.5750916271796911,2-2,193,185,216,0-0,0-0,0-0,2-2,0-0,,242,0,0.6839999999999999,7.0803
161,The Citadel,4,128,34,0.266,8.5,32.0,0.265625,22,5.5,35.0,29,23,5.91,105,33,4,0.972,8.25,1.0,5,0.391,1.25,25,6.25,48,0.375,6.4,5.14,1.63,232,SoCon,21-32,5-13,0-1,16-18,0-0,226,Southern,-0.4406492245296695,2-2,181,178,199,0-0,0-0,0-0,2-2,0-0,,224,-2,0.766,7.0652
162,Merrimack,3,101,22,0.218,7.333333333333333,33.666666666666664,0.21782178217821782,2,0.6666666666666666,24.0,32,30,11.25,72,25,4,0.96,8.333333333333334,1.3333333333333333,3,0.255,1.0,7,2.3333333333333335,34,0.337,5.6,5.62,2.25,208,NEC,33-26,15-14,3-5,15-7,0-0,280,MAAC,-0.9045884208592128,0-3,304,288,189,0-0,0-0,0-0,0-0,0-3,,274,-6,0.5920000000000001,7.0378
163,George Mason,4,123,24,0.195,6.0,30.75,0.1951219512195122,32,8.0,34.0,26,24,6.35,102,39,2,0.986,9.75,0.5,8,0.39,2.0,27,6.75,36,0.293,7.9,3.97,1.38,233,Atlantic 10,21-32,3-17,1-5,17-10,0-0,257,Atlantic 10,-0.6532370884264914,1-3,192,283,48,0-0,1-2,0-0,0-1,0-0,,226,-31,0.683,6.9075
164,Butler,4,145,39,0.269,9.75,36.25,0.2689655172413793,18,4.5,33.0,58,45,12.27,99,44,9,0.941,11.0,2.25,3,0.357,0.75,27,6.75,79,0.545,6.0,10.09,2.79,196,Big East,20-35,13-14,2-3,5-18,0-0,243,Big East,-0.5814720030770825,1-3,231,172,132,0-0,0-0,0-0,1-3,0-0,,244,1,0.902,6.8683
165,Texas Southern,4,125,30,0.24,7.5,31.25,0.24,20,5.0,34.0,31,29,7.68,102,45,4,0.974,11.25,1.0,8,0.377,2.0,20,5.0,43,0.344,6.1,6.88,2.12,230,SWAC,21-25,10-20,3-3,8-2,2-0,297,SWAC,-1.149760107002529,1-3,269,278,226,0-0,0-0,0-1,0-0,1-2,,294,-3,0.721,6.7169
166,Pepperdine,4,133,29,0.218,7.25,33.25,0.21804511278195488,8,2.0,37.0,30,23,5.59,111,40,6,0.962,10.0,1.5,2,0.271,0.5,8,2.0,40,0.301,9.0,3.65,1.73,272,WCC,15-38,7-16,0-1,8-21,0-0,213,West Coast,-0.35625340700783853,0-4,292,256,118,0-0,0-0,0-4,0-0,0-0,,213,0,0.5720000000000001,6.5287
167,Florida A&M,4,107,18,0.168,4.5,26.75,0.16822429906542055,15,3.75,32.0,31,27,7.59,96,47,9,0.941,11.75,2.25,2,0.282,0.5,14,3.5,31,0.29,5.9,4.78,1.81,209,SWAC,29-27,11-10,5-4,13-13,0-0,263,SWAC,-0.7329051793848618,1-3,286,276,264,0-0,0-0,0-0,0-1,1-2,,249,-14,0.572,6.4001
168,North Florida,4,127,37,0.291,9.25,31.75,0.29133858267716534,19,4.75,32.0,28,24,6.75,96,29,8,0.94,7.25,2.0,8,0.416,2.0,30,7.5,63,0.496,10.4,6.47,1.62,250,ASUN,21-30,8-13,0-0,13-17,0-0,173,Atlantic Sun,-0.13786922454303685,2-2,117,81,82,0-0,1-2,0-0,0-0,1-0,,200,27,0.9119999999999999,6.3355
169,San Francisco,4,147,45,0.306,11.25,36.75,0.30612244897959184,23,5.75,35.0,35,32,8.23,105,37,4,0.973,9.25,1.0,9,0.428,2.25,37,9.25,74,0.503,9.5,7.46,2.09,269,WCC,21-34,7-16,0-0,14-18,0-0,178,West Coast,-0.15764935835511154,2-2,146,130,163,0-0,0-0,0-0,2-2,0-0,,178,0,0.931,6.2849
170,Lipscomb,3,100,18,0.18,6.0,33.333333333333336,0.18,16,5.333333333333333,29.0,22,18,5.59,87,28,7,0.943,9.333333333333334,2.3333333333333335,1,0.294,0.3333333333333333,14,4.666666666666667,26,0.26,6.2,5.9,1.76,227,ASUN,22-34,9-19,1-1,12-14,0-0,174,Atlantic Sun,-0.13883083791219325,2-1,49,154,49,1-1,0-0,1-0,0-0,0-0,,173,-1,0.554,6.1902
171,Akron,3,115,34,0.296,11.333333333333334,38.333333333333336,0.2956521739130435,25,8.333333333333334,28.2,25,21,6.59,86,26,6,0.949,8.666666666666666,2.0,9,0.45,3.0,38,12.666666666666666,51,0.443,10.4,5.97,1.67,268,MAC,15-39,9-22,3-3,3-14,0-0,262,MAC,-0.7298202400940103,2-1,135,164,229,0-0,0-0,0-0,0-0,2-1,,262,0,0.893,6.1733
172,NJIT,4,124,28,0.226,7.0,31.0,0.22580645161290322,11,2.75,28.2,46,35,10.99,86,19,5,0.955,4.75,1.25,3,0.304,0.75,16,4.0,38,0.306,7.2,9.42,2.62,228,America East,26-28,12-21,1-2,13-5,0-0,244,America East,-0.5831209004808243,0-4,288,180,111,0-0,0-0,0-0,0-4,0-0,,251,7,0.61,5.9363
173,UT Martin,3,91,26,0.286,8.666666666666666,30.333333333333332,0.2857142857142857,10,3.3333333333333335,24.0,11,9,3.38,72,27,3,0.971,9.0,1.0,5,0.383,1.6666666666666667,18,6.0,40,0.44,9.0,4.88,1.21,280,OVC,21-35,7-20,1-1,13-14,0-0,253,Ohio Valley,-0.6389400307509898,2-1,136,241,231,0-0,0-0,0-0,0-0,2-1,,238,-15,0.823,5.8133
174,Wagner,3,104,28,0.269,9.333333333333334,34.666666666666664,0.2692307692307692,10,3.3333333333333335,26.0,54,49,16.96,78,27,7,0.938,9.0,2.3333333333333335,5,0.355,1.6666666666666667,15,5.0,41,0.394,8.7,6.92,2.62,215,NEC,26-30,11-20,1-2,14-8,0-0,277,Northeast,-0.8849869184238374,1-2,128,119,21,1-2,0-0,0-0,0-0,0-0,,282,5,0.749,5.8066
175,Iona,2,77,25,0.325,12.5,38.5,0.3246753246753247,20,10.0,17.0,13,13,6.88,51,15,3,0.957,7.5,1.5,8,0.5,4.0,28,14.0,32,0.416,12.7,7.94,1.71,292,MAAC,12-38,5-31,0-0,7-7,0-0,298,MAAC,-1.194304041932489,1-1,253,103,286,0-0,0-0,0-0,0-0,1-1,,298,0,0.9159999999999999,5.5732
176,Radford,4,144,34,0.236,8.5,36.0,0.2361111111111111,26,6.5,37.0,45,42,10.22,111,40,5,0.968,10.0,1.25,9,0.383,2.25,28,7.0,60,0.417,9.7,7.3,1.97,256,Big South,16-34,4-21,0-0,12-13,0-0,260,Big South,-0.7195617440642534,1-3,273,260,242,0-0,0-0,0-0,0-1,1-2,,256,-4,0.8,5.3474
177,Lafayette,4,131,27,0.206,6.75,32.75,0.20610687022900764,12,3.0,34.0,39,36,9.53,102,37,4,0.972,9.25,1.0,5,0.295,1.25,13,3.25,42,0.321,5.0,4.76,2.06,244,Patriot,14-35,5-25,0-0,9-10,0-0,261,Patriot,-0.7279395422685575,0-4,224,43,4,0-4,0-0,0-0,0-0,0-0,,280,19,0.616,5.2675
178,Bradley,3,102,22,0.216,7.333333333333333,34.0,0.21568627450980393,11,3.6666666666666665,23.0,40,38,14.87,69,22,1,0.989,7.333333333333333,0.3333333333333333,5,0.322,1.6666666666666667,13,4.333333333333333,30,0.294,10.2,9.39,2.74,259,MVC,12-37,7-24,4-1,1-12,1-0,230,Missouri Valley,-0.4867894865520045,0-3,239,210,13,0-0,0-3,0-0,0-0,0-0,,231,1,0.616,5.1676
179,Grambling,4,132,39,0.295,9.75,33.0,0.29545454545454547,29,7.25,32.0,49,42,11.81,96,31,10,0.927,7.75,2.5,10,0.443,2.5,44,11.0,67,0.508,8.7,10.97,2.72,233,SWAC,25-28,9-13,7-8,9-7,1-0,281,SWAC,-0.9124989649366041,2-2,218,147,263,0-0,0-0,0-0,0-1,2-1,,279,-2,0.9510000000000001,5.120900000000001
180,FDU,3,107,29,0.271,9.666666666666666,35.666666666666664,0.27102803738317754,20,6.666666666666667,24.0,26,22,8.25,72,26,6,0.942,8.666666666666666,2.0,3,0.4,1.0,14,4.666666666666667,35,0.327,5.2,6.0,1.92,239,NEC,26-30,11-23,1-2,14-5,0-0,294,Northeast,-1.1204879861244903,0-3,302,274,174,0-0,0-0,0-0,0-0,0-3,,293,-1,0.7270000000000001,5.0943000000000005
181,Ohio,3,109,36,0.33,12.0,36.333333333333336,0.3302752293577982,7,2.3333333333333335,23.2,33,29,11.03,71,26,7,0.933,8.666666666666666,2.3333333333333335,2,0.375,0.6666666666666666,21,7.0,48,0.44,6.8,9.51,2.49,251,MAC,18-32,8-20,0-0,10-12,0-0,237,MAC,-0.5362300888422282,0-3,260,287,46,0-0,0-0,0-3,0-0,0-0,,225,-12,0.815,4.7989999999999995
182,Valparaiso,3,83,18,0.217,6.0,27.666666666666668,0.21686746987951808,9,3.0,20.0,33,28,12.6,60,26,4,0.956,8.666666666666666,1.3333333333333333,8,0.35,2.6666666666666665,11,3.6666666666666665,28,0.337,8.1,7.65,2.45,242,MVC,14-38,8-27,0-1,6-10,0-0,238,Missouri Valley,-0.5457734230864314,0-3,263,282,52,0-0,0-0,0-3,0-0,0-0,,227,-11,0.687,4.798
183,Bucknell,3,89,12,0.135,4.0,29.666666666666668,0.1348314606741573,15,5.0,23.0,52,42,16.43,69,22,7,0.929,7.333333333333333,2.3333333333333335,1,0.267,0.3333333333333333,9,3.0,17,0.191,5.5,8.61,3.04,192,Patriot,22-24,6-16,4-2,12-6,0-0,227,Patriot,-0.4515389242976567,1-2,124,63,15,0-0,1-2,0-0,0-0,0-0,,237,10,0.458,4.751099999999999
184,Quinnipiac,4,124,22,0.177,5.5,31.0,0.1774193548387097,18,4.5,34.1,34,31,8.13,103,37,1,0.993,9.25,0.25,3,0.295,0.75,16,4.0,31,0.25,6.3,9.44,1.95,248,MAAC,20-30,7-25,0-0,13-5,0-0,266,MAAC,-0.749782798298978,1-3,173,235,30,0-2,0-0,1-1,0-0,0-0,,267,1,0.5449999999999999,4.678800000000001
185,Utah Tech,4,123,33,0.268,8.25,30.75,0.2682926829268293,24,6.0,36.0,23,21,5.25,108,48,3,0.981,12.0,0.75,6,0.409,1.5,24,6.0,54,0.439,7.8,6.5,1.5,284,WAC,14-42,7-22,0-0,7-20,0-0,234,WAC,-0.5093110304148503,2-2,243,149,275,0-0,0-0,0-0,0-0,2-2,,229,-5,0.848,4.4176
186,Manhattan,4,118,26,0.22,6.5,29.5,0.22033898305084745,14,3.5,29.1,37,34,10.43,88,24,5,0.957,6.0,1.25,1,0.308,0.25,13,3.25,34,0.288,9.5,7.36,2.18,270,MAAC,22-30,16-22,0-0,6-8,0-0,268,MAAC,-0.7875718402990619,1-3,207,208,71,0-3,0-0,0-0,0-0,1-0,,273,5,0.596,4.3850999999999996
187,Marist,4,135,33,0.244,8.25,33.75,0.24444444444444444,20,5.0,31.0,52,42,12.19,93,21,8,0.934,5.25,2.0,3,0.352,0.75,19,4.75,43,0.319,9.3,8.71,2.42,253,MAAC,20-35,13-23,2-2,5-10,0-0,278,MAAC,-0.8881370407661524,0-4,296,293,127,0-2,0-0,0-0,0-0,0-2,,270,-8,0.671,4.361800000000001
188,Milwaukee,3,101,22,0.218,7.333333333333333,33.666666666666664,0.21782178217821782,8,2.6666666666666665,25.0,25,24,8.64,75,27,2,0.981,9.0,0.6666666666666666,2,0.288,0.6666666666666666,13,4.333333333333333,38,0.376,7.2,4.32,1.56,275,Horizon,17-36,6-27,1-2,10-7,2-0,254,Horizon,-0.6447541079536598,1-2,171,159,60,0-0,0-0,1-2,0-0,0-0,,259,5,0.6639999999999999,4.3071
189,Pacific,4,125,27,0.216,6.75,31.25,0.216,8,2.0,35.0,26,19,4.89,105,36,7,0.953,9.0,1.75,0,0.259,0.0,19,4.75,41,0.328,8.5,5.66,1.6,293,WCC,11-44,2-25,0-1,9-18,0-0,288,West Coast,-1.0449894387475047,2-2,188,307,207,0-0,0-0,0-0,2-1,0-1,,255,-33,0.587,4.183400000000001
190,Lehigh,3,81,12,0.148,4.0,27.0,0.14814814814814814,12,4.0,21.1,36,32,13.5,64,27,7,0.929,9.0,2.3333333333333335,1,0.266,0.3333333333333333,7,2.3333333333333335,15,0.185,6.3,10.55,2.91,224,Patriot,23-23,12-14,2-1,9-8,1-0,256,Patriot,-0.6506691983369669,0-3,240,229,14,0-0,0-3,0-0,0-0,0-0,,261,5,0.451,3.6580999999999992
191,Omaha,4,139,40,0.288,10.0,34.75,0.28776978417266186,19,4.75,32.0,34,33,9.28,96,40,4,0.971,10.0,1.0,9,0.402,2.25,26,6.5,53,0.381,7.3,7.03,2.0,290,Summit League,18-32,10-19,0-4,8-9,0-0,216,Summit,-0.3656478495914485,1-3,197,70,55,0-0,0-0,0-3,1-0,0-0,,236,20,0.783,3.5524000000000004
192,Purdue Fort Wayne,3,90,14,0.156,4.666666666666667,30.0,0.15555555555555556,2,0.6666666666666666,24.0,32,29,10.88,72,20,4,0.958,6.666666666666667,1.3333333333333333,1,0.183,0.3333333333333333,2,0.6666666666666666,15,0.167,4.9,8.62,2.33,247,Horizon,19-37,11-25,1-2,7-10,0-0,271,Horizon,-0.7993649266177906,0-3,221,200,3,0-3,0-0,0-0,0-0,0-0,,276,5,0.35,3.430300000000001
193,Fordham,3,77,15,0.195,5.0,25.666666666666668,0.19480519480519481,10,3.3333333333333335,19.1,42,35,16.29,58,19,7,0.917,6.333333333333333,2.3333333333333335,6,0.326,2.0,9,3.0,25,0.325,3.7,9.78,2.95,198,Atlantic 10,19-33,7-19,1-3,11-11,0-0,267,Atlantic 10,-0.7637213243162654,0-3,238,269,10,0-3,0-0,0-0,0-0,0-0,,265,-2,0.651,3.1059
194,Maine,4,130,31,0.238,7.75,32.5,0.23846153846153847,14,3.5,31.2,31,25,7.11,95,30,7,0.947,7.5,1.75,6,0.338,1.5,13,3.25,39,0.3,5.7,7.39,1.86,294,America East,10-37,4-23,1-4,5-10,2-0,273,America East,-0.8142602738365545,0-4,248,219,27,0-0,0-4,0-0,0-0,0-0,,275,2,0.638,2.0785
195,CSU Bakersfield,3,93,20,0.215,6.666666666666667,31.0,0.21505376344086022,15,5.0,26.0,31,24,8.31,78,29,6,0.947,9.666666666666666,2.0,5,0.354,1.6666666666666667,12,4.0,26,0.28,4.8,10.38,2.31,274,Big West,15-38,4-16,0-7,11-15,0-0,228,Big West,-0.4769837786104437,1-2,210,261,154,0-0,0-0,0-0,1-2,0-0,,222,-6,0.634,1.9875000000000007
196,Saint Peter's,4,126,37,0.294,9.25,31.5,0.29365079365079366,18,4.5,31.0,49,47,13.65,93,40,2,0.985,10.0,0.5,5,0.397,1.25,27,6.75,51,0.405,5.8,5.23,2.13,300,MAAC,12-40,6-31,0-0,6-9,0-0,300,MAAC,-1.4807580696351368,1-3,236,132,137,0-0,0-0,0-0,1-3,0-0,,300,0,0.802,1.6818000000000008
197,Bellarmine,3,97,23,0.237,7.666666666666667,32.333333333333336,0.23711340206185566,8,2.6666666666666665,22.0,37,28,11.45,66,20,2,0.977,6.666666666666667,0.6666666666666666,4,0.321,1.3333333333333333,12,4.0,34,0.351,4.1,13.09,2.91,295,ASUN,10-45,3-33,0-0,7-12,0-0,290,Atlantic Sun,-1.0670382274535055,0-3,257,265,39,0-0,0-0,0-3,0-0,0-0,,288,-2,0.6719999999999999,0.9314999999999998
198,Alabama A&M,4,123,31,0.252,7.75,30.75,0.25203252032520324,28,7.0,31.0,45,37,10.74,93,29,7,0.946,7.25,1.75,6,0.406,1.5,27,6.75,39,0.317,6.1,10.45,2.35,298,SWAC,10-38,5-25,0-0,5-13,3-0,303,SWAC,-1.7242072706077973,1-3,278,270,247,0-0,0-0,0-0,0-1,1-2,,303,0,0.7230000000000001,0.3896999999999995
199,Siena,3,96,17,0.177,5.666666666666667,32.0,0.17708333333333334,8,2.6666666666666665,24.0,40,37,13.88,72,16,4,0.957,5.333333333333333,1.3333333333333333,0,0.24,0.0,5,1.6666666666666667,26,0.271,3.8,8.62,2.79,296,MAAC,12-40,5-29,0-0,7-11,0-0,296,MAAC,-1.1310808498745932,0-3,250,228,29,0-0,0-3,0-0,0-0,0-0,,297,1,0.511,0.0
